[{"id":2,"annotations":[{"id":1,"completed_by":1,"result":[{"value":{"framesCount":289,"duration":11.542993,"sequence":[{"x":13.423423423423426,"y":8.333333333333332,"width":7.2072072072072055,"height":5.333333333333332,"rotation":0,"enabled":true,"frame":35,"time":1.4},{"x":13.423423423423426,"y":8.333333333333332,"width":7.2072072072072055,"height":5.333333333333332,"rotation":0,"enabled":false,"frame":37,"time":1.48}],"labels":["click"]},"id":"AgRl5swXbz","from_name":"box","to_name":"video","type":"videorectangle","origin":"manual"},{"value":{"framesCount":289,"duration":11.542993,"sequence":[{"x":33.6036036036036,"y":59.83333333333333,"width":32.792792792792795,"height":16.499999999999996,"rotation":0,"enabled":true,"frame":61,"time":2.44},{"x":33.6036036036036,"y":59.83333333333333,"width":32.792792792792795,"height":16.499999999999996,"rotation":0,"enabled":false,"frame":108,"time":4.32}],"labels":["type"]},"id":"EowciuUZJz","from_name":"box","to_name":"video","type":"videorectangle","origin":"manual"},{"value":{"framesCount":289,"duration":11.542993,"sequence":[{"frame":142,"enabled":true,"rotation":0,"x":2.972972972972973,"y":15.833333333333332,"width":9.369369369369368,"height":3.8333333333333344,"time":5.68},{"x":2.972972972972973,"y":15.833333333333332,"width":9.369369369369368,"height":3.8333333333333344,"rotation":0,"enabled":false,"frame":143,"time":5.72}],"labels":["click"]},"id":"8_qR167QVq","from_name":"box","to_name":"video","type":"videorectangle","origin":"manual"},{"value":{"framesCount":289,"duration":11.542993,"sequence":[{"frame":202,"enabled":true,"rotation":0,"x":43.33333333333312,"y":7.3333333333333375,"width":14.054054054054047,"height":51.166666666666686,"time":8.08},{"x":43.33333333333312,"y":7.3333333333333375,"width":14.054054054054047,"height":51.166666666666686,"rotation":0,"enabled":false,"frame":253,"time":10.12}],"labels":["swipe"]},"id":"kj8Johwm9y","from_name":"box","to_name":"video","type":"videorectangle","origin":"manual"}],"was_cancelled":false,"ground_truth":false,"created_at":"2024-03-09T10:06:29.155480Z","updated_at":"2024-03-09T10:06:29.155494Z","draft_created_at":"2024-03-09T09:47:41.721980Z","lead_time":1198.696,"prediction":{},"result_count":0,"unique_id":"ccd8e013-4192-4ae3-a9f5-199619b2dd68","import_id":null,"last_action":null,"task":2,"project":2,"updated_by":1,"parent_prediction":null,"parent_annotation":null,"last_created_by":null}],"file_upload":"bbdfd934-Video1.mp4","drafts":[],"predictions":[],"data":{"video":"\/data\/upload\/2\/bbdfd934-Video1.mp4"},"meta":{},"created_at":"2024-03-09T09:46:25.854755Z","updated_at":"2024-03-09T10:06:29.173637Z","inner_id":1,"total_annotations":1,"cancelled_annotations":0,"total_predictions":0,"comment_count":0,"unresolved_comment_count":0,"last_comment_updated_at":null,"project":2,"updated_by":1,"comment_authors":[]},{"id":3,"annotations":[{"id":2,"completed_by":1,"result":[{"value":{"framesCount":322,"duration":12.887075,"sequence":[{"x":43.873873873873876,"y":7.500000000000014,"width":13.33333333333333,"height":64.5,"rotation":0,"enabled":true,"frame":30,"time":1.2},{"x":43.873873873873876,"y":7.500000000000014,"width":13.33333333333333,"height":64.5,"rotation":0,"enabled":false,"frame":82,"time":3.28}],"labels":["swipe"]},"id":"-V6XZ3_tmu","from_name":"box","to_name":"video","type":"videorectangle","origin":"manual"},{"value":{"framesCount":322,"duration":12.887075,"sequence":[{"x":13.963963963963963,"y":9.000000000000002,"width":5.765765765765765,"height":4.499999999999999,"rotation":0,"enabled":true,"frame":145,"time":5.8},{"x":13.963963963963963,"y":9.000000000000002,"width":5.765765765765765,"height":4.499999999999999,"rotation":0,"enabled":false,"frame":146,"time":5.84}],"labels":["click"]},"id":"eiBqU8ASBP","from_name":"box","to_name":"video","type":"videorectangle","origin":"manual"},{"value":{"framesCount":322,"duration":12.887075,"sequence":[{"frame":169,"enabled":true,"rotation":0,"x":10,"y":67.66666666666666,"width":80.36036036036036,"height":21.000000000000004,"time":6.76},{"x":10,"y":67.66666666666666,"width":80.36036036036036,"height":21.000000000000004,"rotation":0,"enabled":true,"frame":172,"time":6.88},{"x":10,"y":67.66666666666666,"width":80.36036036036036,"height":21.000000000000004,"rotation":0,"enabled":false,"frame":223,"time":8.92}],"labels":["type"]},"id":"8Y2MGZO9gH","from_name":"box","to_name":"video","type":"videorectangle","origin":"manual"},{"value":{"framesCount":322,"duration":12.887075,"sequence":[{"x":3.5135135135135136,"y":14.833333333333334,"width":8.648648648648647,"height":4.499999999999999,"rotation":0,"enabled":true,"frame":265,"time":10.6},{"x":3.5135135135135136,"y":14.833333333333334,"width":8.648648648648647,"height":4.499999999999999,"rotation":0,"enabled":false,"frame":266,"time":10.64}],"labels":["click"]},"id":"QvjucvMb6Y","from_name":"box","to_name":"video","type":"videorectangle","origin":"manual"}],"was_cancelled":false,"ground_truth":false,"created_at":"2024-03-09T10:15:48.794154Z","updated_at":"2024-03-09T10:15:48.794169Z","draft_created_at":"2024-03-09T10:08:03.478711Z","lead_time":502.428,"prediction":{},"result_count":0,"unique_id":"3e8ec2bb-7ef5-4732-9310-788dd8cac654","import_id":null,"last_action":null,"task":3,"project":2,"updated_by":1,"parent_prediction":null,"parent_annotation":null,"last_created_by":null}],"file_upload":"591d710c-Video2.mp4","drafts":[],"predictions":[],"data":{"video":"\/data\/upload\/2\/591d710c-Video2.mp4"},"meta":{},"created_at":"2024-03-09T10:07:19.119781Z","updated_at":"2024-03-09T10:15:48.812483Z","inner_id":2,"total_annotations":1,"cancelled_annotations":0,"total_predictions":0,"comment_count":0,"unresolved_comment_count":0,"last_comment_updated_at":null,"project":2,"updated_by":1,"comment_authors":[]}]